Name,Branch,Year,CGPA
0.7561998343493976,0.4010464419530745,0.6014577714595644
0.5319735287264586,0.06374854004239738,0.01867100036760616
0.40614024329483356,0.49858537934207514,0.948123280108787
0.13445346874151376,0.6099322058160056,0.6176371212367342
0.7791068747014938,0.24742395085913382,0.1475276361049399
0.23340611402675526,0.39556679662526995,0.9470149415453747
0.42314411103616956,0.3526229322762674,0.5081449987359857
